 SAKTHI VINAYAGA PIPES,,,,,
INCOMING FOR THE MONTH OF SEPTEMBER 2019,,,,,
DATE,NAME,ITEM,QUANTITY,BILL,
,,,,YES,NO
hfkalshf,akduyfi,,skdfgk,fjhgah,ajhf
hkabak,hfkalshf,hfkalshf,hfkalshf,hfkalshf,hfkalshf
kbakfb,hkabak,hkabak,hkabak,hkabak,hkabak
kasbfka,kbakfb,kbakfb,kbakfb,kbakfb,kbakfb
kjbsk,kasbfka,kasbfka,kasbfka,kasbfka,kasbfka
kahhfkl,kjbsk,kjbsk,kjbsk,kjbsk,kjbsk
kasfhlqz,kahhfkl,kahhfkl,kahhfkl,kahhfkl,kahhfkl
kkhadfk,kasfhlqz,kasfhlqz,kasfhlqz,kasfhlqz,kasfhlqz
kdk,kkhadfk,kkhadfk,kkhadfk,kkhadfk,kkhadfk
ksdlk,kdk,kdk,kdk,kdk,kdk
kkka,ksdlk,ksdlk,ksdlk,ksdlk,ksdlk
kkhskj,kkka,kkka,kkka,kkka,kkka
alssh,kkhskj,kkhskj,kkhskj,kkhskj,kkhskj
hvbdk,alssh,alssh,alssh,alssh,alssh
ksvckl,hvbdk,hvbdk,hvbdk,hvbdk,hvbdk
vKScb,ksvckl,ksvckl,ksvckl,ksvckl,ksvckl
jhdfc,vKScb,vKScb,vKScb,vKScb,vKScb
jdbakd,jhdfc,jhdfc,jhdfc,jhdfc,jhdfc
va,jdbakd,jdbakd,jdbakd,jdbakd,jdbakd
vc;,va,va,va,va,va
labcl,vc;,vc;,vc;,vc;,vc;
kavc,labcl,labcl,labcl,labcl,labcl
vbalcbb,kavc,kavc,kavc,kavc,kavc
suftag,vbalcbb,vbalcbb,vbalcbb,vbalcbb,vbalcbb
,,,,,
,,,,,
